{
  "FullSafeRL": {
    "avg_power_W": {
      "mean": 1317.6752244287106,
      "lo": 1294.4634542436825,
      "hi": 1341.327032834808,
      "std": 41.536663200871395,
      "_per_seed": [
        1319.8939569213867,
        1354.0176834960937,
        1271.6111463012696,
        1365.352664086914,
        1255.6158113647462,
        1292.3667724609375,
        1311.6244131835938,
        1282.0107518432617,
        1356.9290298217772,
        1367.330014807129
      ]
    },
    "energy_J_total": {
      "mean": 131767.5224428711,
      "lo": 129304.06791603395,
      "hi": 134058.01345910644,
      "std": 4153.666320087142,
      "_per_seed": [
        131989.39569213867,
        135401.76834960937,
        127161.11463012696,
        136535.26640869142,
        125561.58113647462,
        129236.67724609375,
        131162.44131835937,
        128201.07518432617,
        135692.90298217774,
        136733.0014807129
      ]
    },
    "avg_backlog_Mb": {
      "mean": 4.100589505706082,
      "lo": 2.583037177790153,
      "hi": 6.094751444097831,
      "std": 3.15357566811601,
      "_per_seed": [
        2.9828327477911287,
        2.6539248075607733,
        11.71763918837223,
        2.2953433393219442,
        3.2319706641080597,
        2.8122828968297275,
        7.895651894650652,
        2.741852162070375,
        2.2998877817768957,
        2.374509574579038
      ]
    },
    "avg_delay_ms": {
      "mean": 28.389073169700502,
      "lo": 18.11271897036122,
      "hi": 42.12682528986346,
      "std": 21.863835229752837,
      "_per_seed": [
        20.702322838158725,
        18.42437441566361,
        81.4436776593377,
        15.926170321401711,
        22.339797745147962,
        19.410257135357227,
        54.2833337488032,
        18.93540090274822,
        15.964163750624396,
        16.4612331797623
      ]
    },
    "p95_delay_ms": {
      "mean": 81.15831234852507,
      "lo": 36.04773602350246,
      "hi": 145.8152077162262,
      "std": 92.47725321994128,
      "_per_seed": [
        49.72851686011086,
        34.51344848017924,
        283.7238017115094,
        29.830520131616773,
        52.76255399694415,
        37.890650073436674,
        224.17008457254528,
        38.49705098829236,
        30.20188462512078,
        30.26461204549515
      ]
    },
    "p99_delay_ms": {
      "mean": 109.4676329663439,
      "lo": 55.378067894784635,
      "hi": 180.2891342502177,
      "std": 107.69564495759344,
      "_per_seed": [
        66.47771353093285,
        72.33697815534346,
        330.7924801753476,
        39.87061125723218,
        71.67318969196475,
        87.80799671110631,
        290.78776922546047,
        52.167746437953724,
        40.88776241768821,
        41.8740820604093
      ]
    },
    "cvar_beta": {
      "mean": 5.938483485690567,
      "lo": 4.665648624022271,
      "hi": 7.419640604083945,
      "std": 2.369378261297598,
      "_per_seed": [
        5.901612718951521,
        4.888072043620163,
        10.0,
        3.673847370487589,
        6.541044931382344,
        6.066511732382803,
        10.0,
        4.848737938583421,
        3.751734204524846,
        3.713273916972988
      ]
    },
    "viol_rate": {
      "mean": 0.17546,
      "lo": 0.10079550000000001,
      "hi": 0.26716449999999997,
      "std": 0.14715065749088585,
      "_per_seed": [
        0.1874,
        0.0802,
        0.4842,
        0.0529,
        0.2335,
        0.1095,
        0.3651,
        0.1362,
        0.0546,
        0.051
      ]
    },
    "toggles_per_min": {
      "mean": 0.0,
      "lo": 0.0,
      "hi": 0.0,
      "std": 0.0,
      "_per_seed": [
        0.0,
        0.0,
        0.0,
        0.0,
        0.0,
        0.0,
        0.0,
        0.0,
        0.0,
        0.0
      ]
    },
    "_n_seeds": 10
  },
  "NoSafetyFilter": {
    "avg_power_W": {
      "mean": 1317.640106503906,
      "lo": 1294.4466350515136,
      "hi": 1341.3106223924863,
      "std": 41.55990763531422,
      "_per_seed": [
        1319.8939569213867,
        1354.0176834960937,
        1271.4476463623048,
        1365.352664086914,
        1255.6158113647462,
        1292.3667724609375,
        1311.4367338745117,
        1282.0107518432617,
        1356.9290298217772,
        1367.330014807129
      ]
    },
    "energy_J_total": {
      "mean": 131764.0106503906,
      "lo": 129303.98012122193,
      "hi": 134056.3784597168,
      "std": 4155.990763531427,
      "_per_seed": [
        131989.39569213867,
        135401.76834960937,
        127144.76463623047,
        136535.26640869142,
        125561.58113647462,
        129236.67724609375,
        131143.67338745118,
        128201.07518432617,
        135692.90298217774,
        136733.0014807129
      ]
    },
    "avg_backlog_Mb": {
      "mean": 4.25631986221888,
      "lo": 2.583037177790153,
      "hi": 6.454296681727263,
      "std": 3.4646184278841803,
      "_per_seed": [
        2.9828327477911287,
        2.6539248075607733,
        12.467910543918107,
        2.2953433393219442,
        3.2319706641080597,
        2.8122828968297275,
        8.702684104232757,
        2.741852162070375,
        2.2998877817768957,
        2.374509574579038
      ]
    },
    "avg_delay_ms": {
      "mean": 29.46539280015198,
      "lo": 18.11271897036122,
      "hi": 44.83430662540829,
      "std": 24.012311774287436,
      "_per_seed": [
        20.702322838158725,
        18.42437441566361,
        86.65845321743382,
        15.926170321401711,
        22.339797745147962,
        19.410257135357227,
        59.831754495221865,
        18.93540090274822,
        15.964163750624396,
        16.4612331797623
      ]
    },
    "p95_delay_ms": {
      "mean": 88.51904847666812,
      "lo": 36.04773602350246,
      "hi": 164.78117505695164,
      "std": 107.0641174482717,
      "_per_seed": [
        49.72851686011086,
        34.51344848017924,
        304.2639644351391,
        29.830520131616773,
        52.76255399694415,
        37.890650073436674,
        277.2372831303461,
        38.49705098829236,
        30.20188462512078,
        30.26461204549515
      ]
    },
    "p99_delay_ms": {
      "mean": 113.83802772368365,
      "lo": 55.378067894784635,
      "hi": 192.3110406903985,
      "std": 116.5370510807311,
      "_per_seed": [
        66.47771353093285,
        72.33697815534346,
        344.5120221043515,
        39.87061125723218,
        71.67318969196475,
        87.80799671110631,
        320.772174869854,
        52.167746437953724,
        40.88776241768821,
        41.8740820604093
      ]
    },
    "cvar_beta": {
      "mean": 5.938483485690567,
      "lo": 4.665648624022271,
      "hi": 7.419640604083945,
      "std": 2.369378261297598,
      "_per_seed": [
        5.901612718951521,
        4.888072043620163,
        10.0,
        3.673847370487589,
        6.541044931382344,
        6.066511732382803,
        10.0,
        4.848737938583421,
        3.751734204524846,
        3.713273916972988
      ]
    },
    "viol_rate": {
      "mean": 0.17546,
      "lo": 0.10079550000000001,
      "hi": 0.26716449999999997,
      "std": 0.14715065749088585,
      "_per_seed": [
        0.1874,
        0.0802,
        0.4842,
        0.0529,
        0.2335,
        0.1095,
        0.3651,
        0.1362,
        0.0546,
        0.051
      ]
    },
    "toggles_per_min": {
      "mean": 0.0,
      "lo": 0.0,
      "hi": 0.0,
      "std": 0.0,
      "_per_seed": [
        0.0,
        0.0,
        0.0,
        0.0,
        0.0,
        0.0,
        0.0,
        0.0,
        0.0,
        0.0
      ]
    },
    "_n_seeds": 10
  },
  "NoDual": {
    "avg_power_W": {
      "mean": 1321.1034731433106,
      "lo": 1303.6148197328796,
      "hi": 1338.4071092548522,
      "std": 30.929453565990375,