{
  "SafeRL": {
    "avg_power_W": {
      "mean": 1317.6752244287106,
      "lo": 1294.4634542436825,
      "hi": 1341.327032834808,
      "std": 41.536663200871395,
      "_per_seed": [
        1319.8939569213867,
        1354.0176834960937,
        1271.6111463012696,
        1365.352664086914,
        1255.6158113647462,
        1292.3667724609375,
        1311.6244131835938,
        1282.0107518432617,
        1356.9290298217772,
        1367.330014807129
      ]
    },
    "energy_J_total": {
      "mean": 131767.5224428711,
      "lo": 129304.06791603395,
      "hi": 134058.01345910644,
      "std": 4153.666320087142,
      "_per_seed": [
        131989.39569213867,
        135401.76834960937,
        127161.11463012696,
        136535.26640869142,
        125561.58113647462,
        129236.67724609375,
        131162.44131835937,
        128201.07518432617,
        135692.90298217774,
        136733.0014807129
      ]
    },
    "avg_backlog_Mb": {
      "mean": 4.100589505706082,
      "lo": 2.583037177790153,
      "hi": 6.094751444097831,
      "std": 3.15357566811601,
      "_per_seed": [
        2.9828327477911287,
        2.6539248075607733,
        11.71763918837223,
        2.2953433393219442,
        3.2319706641080597,
        2.8122828968297275,
        7.895651894650652,
        2.741852162070375,
        2.2998877817768957,
        2.374509574579038
      ]
    },
    "avg_delay_ms": {
      "mean": 28.389073169700502,
      "lo": 18.11271897036122,
      "hi": 42.12682528986346,
      "std": 21.863835229752837,
      "_per_seed": [
        20.702322838158725,
        18.42437441566361,
        81.4436776593377,
        15.926170321401711,
        22.339797745147962,
        19.410257135357227,
        54.2833337488032,
        18.93540090274822,
        15.964163750624396,
        16.4612331797623
      ]
    },
    "p95_delay_ms": {
      "mean": 81.15831234852507,
      "lo": 36.04773602350246,
      "hi": 145.8152077162262,
      "std": 92.47725321994128,
      "_per_seed": [
        49.72851686011086,
        34.51344848017924,
        283.7238017115094,
        29.830520131616773,
        52.76255399694415,
        37.890650073436674,
        224.17008457254528,
        38.49705098829236,
        30.20188462512078,
        30.26461204549515
      ]
    },
    "p99_delay_ms": {
      "mean": 109.4676329663439,
      "lo": 55.378067894784635,
      "hi": 180.2891342502177,
      "std": 107.69564495759344,
      "_per_seed": [
        66.47771353093285,
        72.33697815534346,
        330.7924801753476,
        39.87061125723218,
        71.67318969196475,
        87.80799671110631,
        290.78776922546047,
        52.167746437953724,
        40.88776241768821,
        41.8740820604093
      ]
    },
    "cvar_beta": {
      "mean": 5.938483485690567,
      "lo": 4.665648624022271,
      "hi": 7.419640604083945,
      "std": 2.369378261297598,
      "_per_seed": [
        5.901612718951521,
        4.888072043620163,
        10.0,
        3.673847370487589,
        6.541044931382344,
        6.066511732382803,
        10.0,
        4.848737938583421,
        3.751734204524846,
        3.713273916972988
      ]
    },
    "viol_rate": {
      "mean": 0.17546,
      "lo": 0.10079550000000001,
      "hi": 0.26716449999999997,
      "std": 0.14715065749088585,
      "_per_seed": [
        0.1874,
        0.0802,
        0.4842,
        0.0529,
        0.2335,
        0.1095,
        0.3651,
        0.1362,
        0.0546,
        0.051
      ]
    },
    "toggles_per_min": {
      "mean": 0.0,
      "lo": 0.0,
      "hi": 0.0,
      "std": 0.0,
      "_per_seed": [
        0.0,
        0.0,
        0.0,
        0.0,
        0.0,
        0.0,
        0.0,
        0.0,
        0.0,
        0.0
      ]
    },
    "_n_seeds": 10
  },
  "UnconstrainedPPO": {
    "avg_power_W": {
      "mean": 350.8708772543335,
      "lo": 273.8592417406158,
      "hi": 418.33870539018244,
      "std": 129.80679565250097,
      "_per_seed": [
        462.13341174926757,
        74.8316908355713,
        337.35933824462893,
        473.2799676055908,
        462.97379075927734,
        330.8398987640381,
        215.44169465026854,
        353.8304206329346,
        321.7047862945557,
        476.31377300720214
      ]
    },
    "energy_J_total": {
      "mean": 35087.087725433346,
      "lo": 26978.689744158935,
      "hi": 42482.97645444564,
      "std": 12980.679565250097,
      "_per_seed": [
        46213.34117492676,
        7483.169083557129,
        33735.93382446289,
        47327.99676055909,
        46297.37907592773,
        33083.98987640381,
        21544.169465026855,
        35383.042063293455,
        32170.478629455567,
        47631.37730072022
      ]
    },
    "avg_backlog_Mb": {
      "mean": 5049.944904693317,
      "lo": 4723.050503622596,
      "hi": 5430.891405046144,
      "std": 589.452026364285,
      "_per_seed": [
        4644.604047160651,
        6307.150479622208,
        5265.13893989092,
        4613.8762456983195,
        4363.723905005109,
        5058.1300629049865,
        5549.285336633037,
        4910.288516928136,
        5316.159437396285,
        4471.092075693514
      ]
    },
    "avg_delay_ms": {
      "mean": 34966.36457972098,
      "lo": 32745.549356847543,
      "hi": 37403.79115919922,
      "std": 4088.8651636970426,
      "_per_seed": [
        32235.831027047425,
        43786.20735652883,
        36595.449967227745,
        32013.240752282265,
        30162.621999041152,
        34910.998909726964,
        38151.847626397815,
        33910.75671490153,
        36900.94814863202,
        30995.743295424025
      ]
    },
    "p95_delay_ms": {
      "mean": 75188.0134095591,
      "lo": 70352.26811008184,
      "hi": 80370.91406271912,
      "std": 8595.373542615736,
      "_per_seed": [
        69074.53063723864,
        93340.02872193496,
        80096.18360241303,
        68013.8211332111,
        65547.12124060004,
        75160.97470969056,
        81643.47510676524,
        73466.1472066102,
        78818.93434599286,
        66718.91739113443
      ]
    },
    "p99_delay_ms": {
      "mean": 79017.15845897955,
      "lo": 74152.74202447261,
      "hi": 84584.40985059855,
      "std": 9019.132184729051,
      "_per_seed": [
        72659.96851225542,
        97990.99490914265,
        84254.80388788923,
        71511.57801505452,
        68920.04250401435,
        79011.37898731486,
        85817.7623815838,
        77116.12763543735,
        82881.24399256181,
        70007.68376454154
      ]
    },
    "cvar_beta": {
      "mean": 10.0,
      "lo": 10.0,
      "hi": 10.0,
      "std": 0.0,
      "_per_seed": [
        10.0,
        10.0,
        10.0,
        10.0,
        10.0,
        10.0,
        10.0,
        10.0,
        10.0,
        10.0
      ]
    },
    "viol_rate": {
      "mean": 0.9991099999999999,
      "lo": 0.9988397499999998,
      "hi": 0.99932,
      "std": 0.000430632609592482,
      "_per_seed": [
        0.9993,
        0.9994,
        0.9992,
        0.9989,
        0.999,
        0.9994,
        0.9994,
        0.998,
        0.9991,
        0.9994
      ]
    },
    "toggles_per_min": {
      "mean": 27.060000000000002,
      "lo": 21.12,
      "hi": 33.72149999999999,
      "std": 11.072307799189831,
      "_per_seed": [
        20.4,
        21.0,
        46.199999999999996,
        34.8,
        15.6,
        15.0,
        36.0,
        39.0,
        17.4,
        25.2
      ]
    },
    "_n_seeds": 10
  },
  "LyapunovOnly": {
    "avg_power_W": {
      "mean": 908.6106400000001,
      "lo": 907.5493369999999,
      "hi": 909.7929760000001,
      "std": 1.9152079580731494,
      "_per_seed": [
        908.8274,
        906.8596,
        905.4144,
        912.3301,
        908.4876,
        910.2557,
        909.82,
        908.4201,
        907.367,
        908.3245
      ]
    },
    "energy_J_total": {
      "mean": 90861.06399999998,