{
  "gammas": [
    1.5,
    2.0,
    3.0,
    4.5,
    7.0
  ],
  "results": {
    "G_1.50": {
      "avg_power_W": {
        "mean": 1301.16704145813,
        "lo": 1288.602141040039,
        "hi": 1309.084290536499,
        "std": 12.5415901342384,
        "_per_seed": [
          1306.4548932983398,
          1305.1744922973633,
          1282.6512236206054,
          1310.387556616211
        ]
      },
      "energy_J_total": {
        "mean": 130116.704145813,
        "lo": 128860.21410400391,
        "hi": 130908.4290536499,
        "std": 1254.1590134238368,
        "_per_seed": [
          130645.48932983399,
          130517.44922973633,
          128265.12236206055,
          131038.7556616211
        ]
      },
      "avg_backlog_Mb": {
        "mean": 3.16185060328182,
        "lo": 2.7748736231949693,
        "hi": 3.5719359761081213,
        "std": 0.4607373495824879,
        "_per_seed": [
          3.74271181794094,
          3.059608450609664,
          3.217875970475076,
          2.6272061741016004
        ]
      },
      "avg_delay_ms": {
        "mean": 21.952928254098342,
        "lo": 19.263070202893324,
        "hi": 24.792381546856515,
        "std": 3.200734937215031,
        "_per_seed": [
          25.97625643026197,
          21.240756896640146,
          22.36590912845023,
          18.228790561041023
        ]
      },
      "p95_delay_ms": {
        "mean": 56.38556854911114,
        "lo": 39.48812583893239,
        "hi": 76.06291663331835,
        "std": 22.81652802933941,
        "_per_seed": [
          87.65805715168122,
          41.277495078229755,
          58.90796536689855,
          37.698756599635026
        ]
      },
      "p99_delay_ms": {
        "mean": 97.32694426807893,
        "lo": 75.51215160792584,
        "hi": 118.9986884754313,
        "std": 27.700327289603642,
        "_per_seed": [
          119.27965571142575,
          90.20010505736431,
          118.71772123943683,
          61.110295064088845
        ]
      },
      "cvar_beta": {
        "mean": 7.607691070568418,
        "lo": 5.690006271630538,
        "hi": 9.525375869506298,
        "std": 2.236020289835692,
        "_per_seed": [
          9.840613870766086,
          5.902785808339873,
          9.210137868246509,
          5.477226734921204
        ]
      },
      "viol_rate": {
        "mean": 0.6032,
        "lo": 0.5737749999999999,
        "hi": 0.630725,
        "std": 0.03172538415843062,
        "_per_seed": [
          0.6029,
          0.64,
          0.6073,
          0.5626
        ]
      },
      "toggles_per_min": {
        "mean": 0.0,
        "lo": 0.0,
        "hi": 0.0,
        "std": 0.0,
        "_per_seed": [
          0.0,
          0.0,
          0.0,
          0.0
        ]
      },
      "_n_seeds": 4
    },
    "G_2.00": {
      "avg_power_W": {
        "mean": 1304.077298864746,
        "lo": 1290.8917161865234,
        "hi": 1311.1686805908203,
        "std": 13.194526052621748,
        "_per_seed": [
          1311.6460260986328,
          1310.6063555664061,
          1284.3201697265624,
          1309.7366440673827
        ]
      },
      "energy_J_total": {
        "mean": 130407.72988647461,
        "lo": 129089.17161865234,
        "hi": 131116.86805908201,
        "std": 1319.4526052621695,
        "_per_seed": [
          131164.60260986327,
          131060.63555664063,
          128432.01697265626,
          130973.66440673829
        ]
      },
      "avg_backlog_Mb": {
        "mean": 3.2104187337725127,
        "lo": 2.8329726008335534,
        "hi": 3.5673457660078536,
        "std": 0.4639091509309384,
        "_per_seed": [
          3.711791617056902,
          3.0706532402825424,
          3.4228999149588053,
          2.6363301627918028
        ]
      },
      "avg_delay_ms": {
        "mean": 22.2905293591661,
        "lo": 19.666805814743203,
        "hi": 24.776293541010794,
        "std": 3.226675196838476,
        "_per_seed": [
          25.761655064698946,
          21.317433274092757,
          23.79093201732264,
          18.292097080550057
        ]
      },
      "p95_delay_ms": {
        "mean": 58.775216574527974,
        "lo": 39.80835152747565,
        "hi": 77.7420816215803,
        "std": 23.230018029211777,
        "_per_seed": [
          87.05456684994603,
          41.6095416622299,
          68.42959639321457,
          38.0071613927214
        ]
      },
      "p99_delay_ms": {
        "mean": 106.12775841699955,
        "lo": 76.8944222051319,
        "hi": 136.32464556834918,
        "std": 37.81072077225095,
        "_per_seed": [
          118.90733799242325,
          91.42107696261188,
          151.29250177026162,
          62.890116942701454
        ]
      },
      "cvar_beta": {
        "mean": 7.7616001097961185,
        "lo": 5.768562354080305,
        "hi": 9.754637865511931,
        "std": 2.307418885176171,
        "_per_seed": [
          9.826079028141637,
          5.960317500989396,
          9.683196702882228,
          5.576807207171214
        ]
      },
      "viol_rate": {
        "mean": 0.397925,
        "lo": 0.353525,
        "hi": 0.424,
        "std": 0.04444062518312122,
        "_per_seed": [
          0.4274,
          0.4187,
          0.4138,
          0.3318
        ]
      },
      "toggles_per_min": {
        "mean": 0.0,
        "lo": 0.0,
        "hi": 0.0,
        "std": 0.0,
        "_per_seed": [
          0.0,
          0.0,
          0.0,
          0.0
        ]
      },
      "_n_seeds": 4
    },
    "G_3.00": {
      "avg_power_W": {
        "mean": 1302.2564197906495,
        "lo": 1273.3039084075926,
        "hi": 1318.6697117980957,
        "std": 29.25425894216195,
        "_per_seed": [
          1313.1109220581054,
          1317.4896331054688,
          1258.5753335083007,
          1319.8497904907226
        ]
      },
      "energy_J_total": {
        "mean": 130225.64197906494,
        "lo": 127330.39084075928,
        "hi": 131866.9711798096,
        "std": 2925.425894216191,
        "_per_seed": [
          131311.09220581054,
          131748.96331054688,
          125857.53335083008,
          131984.97904907228
        ]
      },
      "avg_backlog_Mb": {
        "mean": 3.48677566919077,
        "lo": 2.768522637299264,
        "hi": 4.2398660259788805,
        "std": 0.8994374540659672,
        "_per_seed": [
          3.714986809448852,
          3.188889879139478,
          4.590191408258681,
          2.4530345799160687
        ]
      },
      "avg_delay_ms": {
        "mean": 24.211655130562978,
        "lo": 19.2111874847702,
        "hi": 29.46272780925308,
        "std": 6.262630725112059,
        "_per_seed": [
          25.783831267664787,
          22.138268927666523,
          31.904214103115265,
          17.020306223805335
        ]
      },
      "p95_delay_ms": {
        "mean": 65.31293784717792,
        "lo": 37.801581488264645,
        "hi": 92.8242942060912,
        "std": 33.21294977682266,
        "_per_seed": [
          82.24683250474766,
          43.188407627930914,
          103.40175590743472,
          32.414755348598376
        ]
      },
      "p99_delay_ms": {
        "mean": 118.33876445065565,
        "lo": 61.41199041811202,
        "hi": 187.19591254260217,
        "std": 72.59799613148105,
        "_per_seed": [
          115.35670966582484,
          97.46007111668077,
          217.10785968457597,
          43.43041733554108
        ]
      },
      "cvar_beta": {
        "mean": 7.461712743927888,
        "lo": 5.092444387568342,
        "hi": 9.830981100287431,
        "std": 2.873110305769529,
        "_per_seed": [
          9.661962200574864,
          6.153911187013926,
          10.0,
          4.030977588122759
        ]
      },
      "viol_rate": {
        "mean": 0.192925,
        "lo": 0.11929999999999999,
        "hi": 0.26654999999999995,
        "std": 0.09179939633062227,